,phrase,label,sentiment,subjectivity,language,count
Hawaii,,,,,,
Indonesia,,,,,,
Kilauea,,,,,,
Iran,,,,,,
Kanlaon Volcano,,,,,,
India,,,,,,
Mount Semeru,,,,,,
Japan,,,,,,
Taftan,,,,,,
Earth,,,,,,
Mount St. Helens,,,,,,
Bacolod,,,,,,
Semeru,,,,,,
BACOLOD CITY,,,,,,
Barren Island,,,,,,
Mount Lokon,,,,,,
Italy,,,,,,
Colombia,,,,,,
Sakurajima,,,,,,
Naples,,,,,,
Toba,,,,,,
VT,,,,,,
Mount Etna,,,,,,
Pakistan,,,,,,
Oregon,,,,,,
Philippines,,,,,,
Mount Marapi,,,,,,
Mexico,,,,,,
Honolulu,,,,,,
HONOLULU,,,,,,
Nishinoshima,,,,,,
the Kanlaon Volcano,,,,,,
JAKARTA,,,,,,
Mars,,,,,,
Mount Rainier,,,,,,
Bacolod City,,,,,,
Pompeii,,,,,,
Santorini,,,,,,
Negros Island,,,,,,
West Sumatra,,,,,,
North Sulawesi,,,,,,
Tomohon,,,,,,
the United States Geological Survey,,,,,,
Tanah Datar Districts,,,,,,
America,,,,,,
Agam,,,,,,
Big Island,,,,,,
Faridabad,,,,,,
Greece,,,,,,
East Java,,,,,,
Lumajang,,,,,,
Mount Merapi,,,,,,
East Flores,,,,,,
Portland,,,,,,
US,,,,,,
Washington,,,,,,
Mount Vesuvius,,,,,,
Kagoshima Prefecture,,,,,,
Costa Rica,,,,,,
Etna,,,,,,
Australia,,,,,,
Cebu,,,,,,
Tanzania,,,,,,
Russia,,,,,,
Spain,,,,,,
Jakarta,,,,,,
Europe,,,,,,
Pacific Northwest,,,,,,
earth,,,,,,
Kanlaon,,,,,,
Klauea,,,,,,
Tompaluan,,,,,,
the Andaman Sea,,,,,,
Flores island,,,,,,
the Pacific Northwest,,,,,,
Central Java,,,,,,
La Carlota City,,,,,,
Yogyakarta,,,,,,
Mount Lewotobi,,,,,,
Mediterranean,,,,,,
East Nusa,,,,,,
Kupang,,,,,,
Sicily,,,,,,
Volcano,,,,,,
Mount Lewotobi Laki-laki,,,,,,
Baratang,,,,,,
Andaman,,,,,,
Nicobar Islands,,,,,,
a Volcano Eruption,,,,,,
Mount Kilauea,,,,,,
The Taal Volcano,,,,,,
Manila,,,,,,
Manado,,,,,,
Bali,,,,,,
Java Island's,,,,,,
Java Island,,,,,,
Kagoshima,,,,,,
TOKYO,,,,,,
the United States,,,,,,
El Salvador,,,,,,
Seattle,,,,,,
U.S.,,,,,,
York,,,,,,
the Red Planet's,,,,,,
New Zealand,,,,,,
Africa,,,,,,
Pacific,,,,,,
China,,,,,,
Aegean Sea,,,,,,
Vietnam,,,,,,
Hollywood,,,,,,
Herculaneum,,,,,,
Heard Island,,,,,,
Florida,,,,,,
Nicaragua,,,,,,
UK,,,,,,
Mayotte,,,,,,
Greenland,,,,,,
Mt.,,,,,,
Los Angeles,,,,,,
London,,,,,,
Germany,,,,,,
Dubai,,,,,,
Middle East,,,,,,
Anime Vanguards,,,,,,
Bolivia,,,,,,
Alaska,,,,,,
the Southern Ocean,,,,,,
Antarctica,,,,,,
et al,,,,,,
the Apolaki Caldera,,,,,,
New Mexico,,,,,,
Vesuvius,,,,,,
Tallest Volcano Erupts,,,,,,
Polynesia,,,,,,
Mount Lewotobi Laki Laki,,,,,,
the Krasheninnikov Volcano,,,,,,
Far East,,,,,,
Sputnik,,,,,,
Kamchatka Peninsula,,,,,,
the Pacif… Moscow,,,,,,
North Halmahera,,,,,,
Italys Mount Vesuvius,,,,,,
the Far East,,,,,,
MOSCOW,,,,,,
Kuril,,,,,,
Ku,,,,,,
The Krasheninnikov Volcano,,,,,,
Russias Far East,,,,,,
Mount Dukono,,,,,,
RUSSIA,,,,,,
Kurile Islands,,,,,,
Klyuchevskoy Volcano,,,,,,
the Kamchatka Peninsula,,,,,,
Sundhnúkagígar volcano,,,,,,
West Sumatra Province,,,,,,
Mount Lewotobi Laki-Laki,,,,,,
Eurasia,,,,,,
Ger Atelier,,,,,,
Ulanhad Sumu,,,,,,
Azerbaijan,,,,,,
U.S,,,,,,
the Caspian Sea,,,,,,
Americas,,,,,,
Far Eastern Kamchatka Peninsula,,,,,,
Kamchatka,,,,,,
Chahar,,,,,,
"the Pacific Ocean
",,,,,,
Ulanqab City,,,,,,
Inner Mongolia Autonomous Region,,,,,,
North,,,,,,
the Volcano of Water,,,,,,
Padang,,,,,,
spaceand,,,,,,
Petropavlovsk,,,,,,
Kamchatka peninsula,,,,,,
Iceland,,,,,,
the Tanah Datar,,,,,,
Mount Ile Lewotolok,,,,,,
South East Asia,,,,,,
Rio de Janeiro,,,,,,
NITEROI,,,,,,
Mount Shinmoedake,,,,,,
the Tokara Islands,,,,,,
June.</li><li,,,,,,
Campi Flegrei,,,,,,
Utah,,,,,,
Herriman,,,,,,
Texas,,,,,,
the Guadalupe River,,,,,,
Kerrville,,,,,,
the Hill Country,,,,,,
New Zealan,,,,,,
the Chilean Andes,,,,,,
Lembata,,,,,,
Ørestad,,,,,,
Perempuan,,,,,,
NIRAS,,,,,,
Brazil,,,,,,
Martian Volcano,,,,,,
Moun… Skip,,,,,,
deadBBC,,,,,,
Brazils,,,,,,
SAO,,,,,,
SAO PAULO,,,,,,
Indonesias Mount Rinjani,,,,,,
Lombok,,,,,,
Taiwan,,,,,,
Wandan,,,,,,
Biggest Volcanic Earthquake,,,,,,
Roman city,,,,,,
Copenhagen,,,,,,
Denmark,,,,,,
Mount Lewotobi L,,,,,,
North Island,,,,,,
Marapi,,,,,,
Southwestern Iceland,,,,,,
recen,,,,,,
the Pitchstone Plateau,,,,,,
Reykjanes peninsula,,,,,,
Iceland Volcano Erupts For,,,,,,
Iceland Volcano Eruption,,,,,,
Southwest Iceland,,,,,,
Sundhnúkur,,,,,,
simi,,,,,,
Iceland Volcano Erupts,,,,,,
Volcanoes Keep Erupting,,,,,,
Fissure Volcano,,,,,,
Milky Way,,,,,,
Agua Volcano,,,,,,
North Halmahera District,,,,,,
North Maluku,,,,,,
Earths,,,,,,
COPENHAGEN,,,,,,
Chile,,,,,,
Norris Geyser Basin,,,,,,
Kau,,,,,,
Washington S,,,,,,
Sea Tac,,,,,,
SEATTLE,,,,,,
the Pacific Northwest’s,,,,,,
sma,,,,,,
Shallow Sea Mud Volcanoes,,,,,,
Geography Realm,,,,,,
Iliamna,,,,,,
Klyuchevskoy,,,,,,
Asia,,,,,,
Malang,,,,,,
Jan Mayen Island,,,,,,
Yellowstone Park,,,,,,
Porcelain Basin,,,,,,
Illinois,,,,,,
Kilauea Volcano Erupts,,,,,,
Krasheninnikov,,,,,,
Mount Kilauea's,,,,,,
Karangasem,,,,,,
Indonesias Island,,,,,,
A.D.,,,,,,
Mt Taranaki,,,,,,
Canada,,,,,,
Ireland,,,,,,
Garnet Red,,,,,,
Doubao,,,,,,
Krasheninnikov Volcano,,,,,,
Fascinating Volcano Trails,,,,,,
Mount Redoubt,,,,,,
Rainham,,,,,,
Poconos,,,,,,
Kansas,,,,,,
PowerWash,,,,,,
Alberta,,,,,,
Ukraine,,,,,,
L,,,,,,
Lombok island,,,,,,
Sri Lanka,,,,,,
Castiglione di Sicilia,,,,,,
west coast,,,,,,
Karangetang,,,,,,
Mount Karangetang,,,,,,
JoBlo,,,,,,
Montana,,,,,,
Poços de Caldas,,,,,,
Caldas,,,,,,
Antarctic,,,,,,
Bogar AR,,,,,,
Licancabur,,,,,,
the Atacama Large Millimeter,,,,,,
Atacama Desert,,,,,,
Eden of Wolves,,,,,,
Paradise,,,,,,
Canad,,,,,,
Iranian Volcano,,,,,,
the Northern Lights,,,,,,
NCR,,,,,,
Haryana,,,,,,
the Anime Vanguards,,,,,,
Poás volcano,,,,,,
the Poás volcano,,,,,,
Red Planet,,,,,,
the Whakatne coast,,,,,,
Ocean,,,,,,
Christmas Island,,,,,,
Deep-Sea Mud Volcanoes,,,,,,
Tenerife,,,,,,
A Arcadia,,,,,,
Mount Tambora,,,,,,
Sakurajima volcano,,,,,,
weekendUSA,,,,,,
Mount Semeru's,,,,,,
Uttar Pradesh,,,,,,
Behn,,,,,,
the Bronze Age City Wiped Out,,,,,,
the East African Rift System,,,,,,
Chicago,,,,,,
Astonishing Island Destination Is Fringed By Black Volcanic Beaches And Pristine Seas,,,,,,
Canary Islands,,,,,,
Kanlaon ash fall,,,,,,
Mailum,,,,,,
eaag3055,,,,,,
Sea,,,,,,
aloha,,,,,,
Lakeshore Lodge,,,,,,
Encanto,,,,,,
Kota Padang,,,,,,
Great Britain,,,,,,
Liloan,,,,,,
Jawa Timur,,,,,,
El Salvadors,,,,,,
Vajasindi,,,,,,
Popocatépetl,,,,,,
the Baratang Island,,,,,,
Wind River,,,,,,
Edinburgh,,,,,,
Scotland,,,,,,
Mount Vesuvius​,,,,,,
Caves,,,,,,
Fossilized Volcanoes Beneath China,,,,,,
Mount Etna Oozes Steaming Lava After Latest Rupture,,,,,,
Molten rock,,,,,,
the Pacific Sea,,,,,,
Puri,,,,,,
Digha,,,,,,
Yellowstones magma,,,,,,
PORTLAND,,,,,,
Pacific coast,,,,,,
HONOLULU Hawaii's,,,,,,
Switzerland,,,,,,
Key West,,,,,,
Gaza Strip,,,,,,
Mount Fuji,,,,,,
Nuseirat,,,,,,
Russias,,,,,,
the Kamchatka peninsula,,,,,,
Kr,,,,,,
centuriesABC,,,,,,
Fagradalsfjall,,,,,,
Krasheni,,,,,,
Krasheninnikovvolcano,,,,,,
Second Eruption,,,,,,
Russias Kamchatka Peninsula,,,,,,
Pluto,,,,,,
the United States Geologica,,,,,,
Shiveluch,,,,,,
Georgia,,,,,,
Virginia Beach,,,,,,
West 42nd Street,,,,,,
Fresno County,,,,,,
Las Cruces,,,,,,
Baratang Island,,,,,,
Qatar,,,,,,
Detroit,,,,,,
Wisconsin,,,,,,
Porto,,,,,,
Wilmington,,,,,,
DE,,,,,,
Expe,,,,,,
Merapi,,,,,,
Central Florida,,,,,,
Universal Volcano Bay,,,,,,
Madrid,,,,,,
Munich,,,,,,
Arcadia,,,,,,
Fiji,,,,,,
Andamans,,,,,,
volcani,,,,,,
Doha,,,,,,
Loma Caldera,,,,,,
La Cueva,,,,,,
El Salvador's,,,,,,
the West Side,,,,,,
Lido,,,,,,
Hawaiis Kilauea,,,,,,
Iliamna Volcano,,,,,,
Mount Fuji Erupting,,,,,,
N Sulawesi,,,,,,
the Island of Hawaii,,,,,,
Volcano Bay Park,,,,,,
Java&rsquo;s,,,,,,
the United States Geological Survey's,,,,,,
Rio Rancho,,,,,,
the Rio Rancho Rams,,,,,,
Cleveland,,,,,,
Tomohon City,,,,,,
France,,,,,,
Britain,,,,,,
Red Planets,,,,,,
Mount Rinjani,,,,,,
Bal…,,,,,,
Solomon Islands,,,,,,
ANCHORAGE,,,,,,
newl,,,,,,
West Fairbanks,,,,,,
West Valley High School,,,,,,
Kalapana,,,,,,
Volcanoes National Park,,,,,,
Hawaiʻi,,,,,,
Alaskan Volcano,,,,,,
Volcano Near,,,,,,
Launde,,,,,,
Volcano Vista,,,,,,
Ear,,,,,,
southcen,,,,,,
southcentral,,,,,,
Mount Spurr Volcano,,,,,,
Virginia,,,,,,
Kavachi volcano,,,,,,
Kavachi,,,,,,
Oceania,,,,,,
Central America's,,,,,,
Volcano Orange,,,,,,
East Jerusalem,,,,,,
Mount Stromboli,,,,,,
Volcano of Fire,,,,,,
GUATEMALA CITY,,,,,,
Central America,,,,,,
Palin,,,,,,
East Coast,,,,,,
Guatemala City,,,,,,
Greenland Volcano Island,,,,,,
the East Coast,,,,,,
the National Ocean,,,,,,
Alotenango,,,,,,
SAN JUAN ALOTENANGO,,,,,,
SAN JOSE,,,,,,
Fuego,,,,,,
Doswell,,,,,,
Mount Lewotobi Laki,,,,,,
Nordic,,,,,,
The Mount Lewotobi Laki Laki,,,,,,
Mount Etna’s,,,,,,
The United States Geological Survey,,,,,,
Kirishima,,,,,,
Azores,,,,,,
Blue Lagoon,,,,,,
the Blue Lagoon,,,,,,
Grindavik,,,,,,
Icelandic,,,,,,
Blue Lagoon Spa,,,,,,
The Blue Lagoon,,,,,,
Reykjanes Peninsula,,,,,,
Icelands,,,,,,
Reykjavik,,,,,,
the Reykjanes Peninsula,,,,,,
Jazeera Volcano,,,,,,
Icelands Reykjanes Peninsula,,,,,,
Venus,,,,,,
Shinmoedake,,,,,,
Miyazaki,,,,,,
Tokyo,,,,,,
Dublin,,,,,,
Thailand,,,,,,
Singapore,,,,,,
Flores,,,,,,
Indonesias,,,,,,
Flores Island,,,,,,
the Mount Lewotobi Laki Laki,,,,,,
New Yellowstone,,,,,,
Tonga,,,,,,
Kyushu,,,,,,
Tofua,,,,,,
the Cook Islands,,,,,,
the Pacific Ocean,,,,,,
Kilaueas,,,,,,
Halemaʻumaʻu,,,,,,
Kīlauea,,,,,,
the Hawaiian Islands,,,,,,
Antarcticas Mount Erebus,,,,,,
Mount Erebus,,,,,,
Arctic,,,,,,
White Island,,,,,,
the United States West Coast,,,,,,
Mount Vesuviu,,,,,,
Cascade Range,,,,,,
Mount Rainier National Park,,,,,,
Washington State,,,,,,
USA,,,,,,
the Kanlaon volcano,,,,,,
Seismolo,,,,,,
Cascades,,,,,,
LONDON,,,,,,
N…,,,,,,
U.K.,,,,,,
Loa,,,,,,
the Big Island,,,,,,
Israel,,,,,,
Mount Kaputar,,,,,,
New South Wales,,,,,,
The Northeast Pacific Is Preparing,,,,,,
The Northeast Pacific Is Preparing to Erupt,,,,,,
Bordeaux Red,,,,,,
Mount Ibu Erupts,,,,,,
Mount Shasta,,,,,,
California,,,,,,
the Cascade Range,,,,,,
North Coast Con,,,,,,
Mount Ibu,,,,,,
Halmahera… Mount Ibu,,,,,,
Halmahera,,,,,,
Ternate,,,,,,
Oregon Coast,,,,,,
Kabanna,,,,,,
Ethiopia,,,,,,
HST,,,,,,
Yellowstone,,,,,,
National Park,,,,,,
the Negros Island Region,,,,,,
the West Coast,,,,,,
Arkesini,,,,,,
Anak Krakatau,,,,,,
Sumatra,,,,,,
solon,,,,,,
Mount Etna's,,,,,,
Mount,,,,,,
Guatemala,,,,,,
Caribbean,,,,,,
Mount Fentale,,,,,,
Kentucky,,,,,,
the Aegean Sea,,,,,,
Columbia,,,,,,
Bago City,,,,,,
the Kilauea Volcano,,,,,,
WELLINGTON,,,,,,
New Zealand's,,,,,,
Whakaari,,,,,,
Baby Volcano,,,,,,
Kriill,,,,,,
Ea,,,,,,
Negros Occidental,,,,,,
Mount Sabyinyo,,,,,,
the Anak Krakatau,,,,,,
Conchagua,,,,,,
Mount Spurr,,,,,,
Mount Kaputar National Park,,,,,,
erup,,,,,,
Hawaiis Big Island,,,,,,
Anadolu,,,,,,
Los Angeles County,,,,,,
Bitcoin City,,,,,,
La Carlota,,,,,,
Rwanda,,,,,,
Victorias City,,,,,,
DRC,,,,,,
Goma,,,,,,
the Democratic Republic of Congo,,,,,,
Anchorage,,,,,,
Alaskas,,,,,,
Catania,,,,,,
Ecuador,,,,,,
Miss.,,,,,,
the Galapagos Islands,,,,,,
Yosemite Valley,,,,,,
Kanl,,,,,,
Simushir,,,,,,
the Northern Hemisphere,,,,,,
Kuril Islands,,,,,,
Soviet Island,,,,,,
Mount Kilimanjaro,,,,,,
"Mount Kilimanjaro
",,,,,,
the Solar System,,,,,,
the Alaska Volcan… Skip,,,,,,
NY,,,,,,
Europes,,,,,,
the Mediterranean island,,,,,,
Sicil,,,,,,
SICILY,,,,,,
the east coast,,,,,,
Mo,,,,,,
Mount Etna Erupts,,,,,,
Soda Springs,,,,,,
Buriram city,,,,,,
Buri,,,,,,
San Vicente,,,,,,
Philipines,,,,,,
the Negros Island,,,,,,
"the Juan d… iStockphoto
",,,,,,
the Pacific Northwest's,,,,,,
Tenggara,,,,,,
Fl,,,,,,
Pichincha,,,,,,
Tecoluca,,,,,,
Hawaii Island,,,,,,
Idaho,,,,,,
Pacific Northwests,,,,,,
NEW YORK,,,,,,
San Francisco,,,,,,
San Franc,,,,,,
Pacific Ocean,,,,,,
Klauea Volcano,,,,,,
Mo…,,,,,,
Mount Etna Produces Pyroclastic Flow,,,,,,
Mount Etna’s,,,,,,
Denpasar,,,,,,
Mt Lewotobi,,,,,,
Mt Lewotobi Laki-Laki's,,,,,,
BaliAir New Zealand,,,,,,
Maumere,,,,,,
Nusa,,,,,,
Tenggara province,,,,,,
Mount L…,,,,,,
Brisbane,,,,,,
Michigan,,,,,,
New Hotels,,,,,,
Skjalfandafljot river,,,,,,
Northern Iceland,,,,,,
The United States Coast Guard,,,,,,
Shinmoedake volcano,,,,,,
Mount Shinmoe,,,,,,
Asanagi,,,,,,
Jetstar,,,,,,
Mount Lewotobi Perempuan,,,,,,
the Volcano of Fire,,,,,,
Jezero,,,,,,
Central Americas,,,,,,
the Red Planet,,,,,,
GUATEMALA,,,,,,
topsPhys.org Mars,,,,,,
Veniaminof volcano,,,,,,
Pasadena,,,,,,
HILO,,,,,,
Volcaholic,,,,,,
Indonesia Mount,,,,,,
Mount Everest,,,,,,
Kīlauea Volcano erupting,,,,,,
Klauea Volcano,,,,,,
Grand River,,,,,,
Lewotobi volcano,,,,,,
Talibura village,,,,,,
Sikka,,,,,,
the Negros island,,,,,,
Yosemite Valley's,,,,,,
Northern lights,,,,,,
Axial Seamount,,,,,,
Kilauea Volcano Spews Fountains of Lava,,,,,,
Peru,,,,,,
the Pyramids of Giza,,,,,,
Egypt,,,,,,
Haleakal National Park,,,,,,
Maui,,,,,,
Nebraska,,,,,,
knownand,,,,,,
Empire Wind,,,,,,
White Island's,,,,,,
Milan,,,,,,
Sardinia,,,,,,
Congo,,,,,,
Mount Nyiragongo,,,,,,
Universal Orlando’s,,,,,,
Wreck,,,,,,
North America,,,,,,
Sky,,,,,,
Southeast Asia,,,,,,
Myanmar,,,,,,
MANILA,,,,,,
The United States,,,,,,
Hilo,,,,,,
Mauna Kea,,,,,,
La Castellana,,,,,,
Volcano Bay,,,,,,
ORLANDO,,,,,,
Fla.,,,,,,
The Kanlaon Volcano,,,,,,
Sending Ash Miles,,,,,,
Mount Kanlaon,,,,,,
United States,,,,,,
BACOLOD,,,,,,
the North Pacific Subtropical Gyre,,,,,,
Kīlauea Volcano,,,,,,
the Klauea Volcano,,,,,,
Central Philippines Erupts,,,,,,
Volcano eruptions,,,,,,
Wyoming,,,,,,
Andes,,,,,,
the Pacific coast,,,,,,
Gordo volcanoc,,,,,,
Faial Island,,,,,,
New York,,,,,,
Icelands Eyjafjallajökull,,,,,,
Pacific Northwest coast,,,,,,
West,,,,,,
the Pacific Coast,,,,,,
eruptThe,,,,,,
Lanz,,,,,,
Negros Island Region,,,,,,
Comelec,,,,,,
ElectionsNegros Island Region,,,,,,
Kilauea Volcano,,,,,,
Jemian,,,,,,
Uturuncu,,,,,,
Central Andes,,,,,,
Portugal,,,,,,
Caldera Blanca,,,,,,
Mauna Loa,,,,,,
Yellowstone National Park,,,,,,
"Mauna Loa
",,,,,,
Orlando,,,,,,
Ontake,,,,,,
Ontake Volcano,,,,,,
West Coast,,,,,,
South America,,,,,,
Halemaumau,,,,,,
Houston,,,,,,
Canary Islanders,,,,,,
East Oxford,,,,,,
West Antarctic Rift System,,,,,,
the Hilltop of a Volcano,,,,,,
Popocatepetl,,,,,,
Coast,,,,,,
"Coast
  View",,,,,,
Lanzarote,,,,,,
Java island's,,,,,,
